{
    "loss": 0.3868890702724457,
    "accuracy": 0.8965517282485962
}